Metric,Value
Baseline Revenue,99954924.12724169
Simulated Revenue,104085250.03212827
Total Uplift ($),4130325.9048865885
Total Uplift (%),4.132188524928218
